{
	"name": "opt-pilot",
	"dvar-bounds": {
		"IBF": [ 200, 500 ],
		"IM": [ 170, 260 ],
		"GPHASE": [ -30, 0 ],
		"FWHM": [ 1.5, 10 ],
		"KQ1": [ -8, 8 ],
		"KQ2": [ -8, 8 ],
		"KQ3": [ -8, 8 ],
		"KQ4": [ -8, 8 ]
	}
	,
	"constraints": [
		"fabs(statVariableAt('rms_x',16.5))<1.0e-1",
		"fabs(statVariableAt('rms_y',16.5))<1.0e-1"
	]
	,
	"solutions": [
	{
		"ID": 0,
		"obj":
		{
			"EMITX1": 0.000230697,
			"EMITX2": 0.00127568,
			"RMSS1": 0.00137651,
			"RMSS2": 0.00143676
		}
		,
		"dvar":
		{
			"IBF": 433.025,
			"IM": 217.804,
			"GPHASE": -6.73076,
			"FWHM": 5.79475,
			"KQ1": -2.096,
			"KQ2": -2.20754,
			"KQ3": 2.87752,
			"KQ4": 0.595402
		}
	}
	,
	{
		"ID": 1,
		"obj":
		{
			"EMITX1": 0.000166136,
			"EMITX2": 0.000594562,
			"RMSS1": 0.00149797,
			"RMSS2": 0.00143253
		}
		,
		"dvar":
		{
			"IBF": 423.398,
			"IM": 226.565,
			"GPHASE": -6.15411,
			"FWHM": 7.28911,
			"KQ1": 1.93594,
			"KQ2": -0.390115,
			"KQ3": 5.8731,
			"KQ4": -3.83175
		}
	}
	,
	{
		"ID": 2,
		"obj":
		{
			"EMITX1": 0.000111919,
			"EMITX2": 0.000314648,
			"RMSS1": 0.00147025,
			"RMSS2": 0.00147558
		}
		,
		"dvar":
		{
			"IBF": 330.213,
			"IM": 240.049,
			"GPHASE": -8.0053,
			"FWHM": 6.24304,
			"KQ1": -3.2098,
			"KQ2": -2.6269,
			"KQ3": 7.38451,
			"KQ4": -7.39095
		}
	}
	,
	{
		"ID": 3,
		"obj":
		{
			"EMITX1": 0.000405755,
			"EMITX2": 0.00138398,
			"RMSS1": 0.00113313,
			"RMSS2": 0.00127275
		}
		,
		"dvar":
		{
			"IBF": 309.703,
			"IM": 218.594,
			"GPHASE": -2.75893,
			"FWHM": 2.81285,
			"KQ1": 0.902073,
			"KQ2": -3.37089,
			"KQ3": -1.88567,
			"KQ4": 7.11589
		}
	}
	,
	{
		"ID": 5,
		"obj":
		{
			"EMITX1": 0.000555805,
			"EMITX2": 0.00145619,
			"RMSS1": 0.00158557,
			"RMSS2": 0.00114597
		}
		,
		"dvar":
		{
			"IBF": 408.751,
			"IM": 225.907,
			"GPHASE": -3.83992,
			"FWHM": 4.17594,
			"KQ1": 1.58793,
			"KQ2": -5.44284,
			"KQ3": -3.38851,
			"KQ4": -3.77473
		}
	}
	,
	{
		"ID": 13,
		"obj":
		{
			"EMITX1": 0.00194072,
			"EMITX2": 0.00500386,
			"RMSS1": 0.00123811,
			"RMSS2": 0.00189682
		}
		,
		"dvar":
		{
			"IBF": 439.336,
			"IM": 200.475,
			"GPHASE": -9.02531,
			"FWHM": 2.47031,
			"KQ1": 0.691172,
			"KQ2": 5.38264,
			"KQ3": -6.86311,
			"KQ4": 0.540203
		}
	}
	,
	{
		"ID": 28,
		"obj":
		{
			"EMITX1": 0.000351748,
			"EMITX2": 0.000971573,
			"RMSS1": 0.00175602,
			"RMSS2": 0.00144497
		}
		,
		"dvar":
		{
			"IBF": 294.323,
			"IM": 241.797,
			"GPHASE": -3.00126,
			"FWHM": 7.47,
			"KQ1": 2.64843,
			"KQ2": 6.23135,
			"KQ3": -5.41063,
			"KQ4": 2.32903
		}
	}
	,
	{
		"ID": 30,
		"obj":
		{
			"EMITX1": 0.000307775,
			"EMITX2": 0.000597586,
			"RMSS1": 0.0011447,
			"RMSS2": 0.00128517
		}
		,
		"dvar":
		{
			"IBF": 357.18,
			"IM": 214.897,
			"GPHASE": -7.69535,
			"FWHM": 2.07062,
			"KQ1": -2.63568,
			"KQ2": 5.0327,
			"KQ3": 1.61431,
			"KQ4": -3.57638
		}
	}
	,
	{
		"ID": 31,
		"obj":
		{
			"EMITX1": 0.000188847,
			"EMITX2": 0.000355532,
			"RMSS1": 0.00173941,
			"RMSS2": 0.00152311
		}
		,
		"dvar":
		{
			"IBF": 484.754,
			"IM": 226.393,
			"GPHASE": -0.384713,
			"FWHM": 8.77105,
			"KQ1": 3.72077,
			"KQ2": -4.45205,
			"KQ3": 7.43893,
			"KQ4": -5.20699
		}
	}
	,
	{
		"ID": 35,
		"obj":
		{
			"EMITX1": 0.000634732,
			"EMITX2": 0.000910531,
			"RMSS1": 0.0013996,
			"RMSS2": 0.00129528
		}
		,
		"dvar":
		{
			"IBF": 479.519,
			"IM": 203.053,
			"GPHASE": -10.0575,
			"FWHM": 3.10304,
			"KQ1": 7.69475,
			"KQ2": -5.05992,
			"KQ3": 3.57689,
			"KQ4": -3.10863
		}
	}
	,
	{
		"ID": 39,
		"obj":
		{
			"EMITX1": 0.000170672,
			"EMITX2": 0.000279343,
			"RMSS1": 0.00130826,
			"RMSS2": 0.00123314
		}
		,
		"dvar":
		{
			"IBF": 403.601,
			"IM": 228.799,
			"GPHASE": -1.47888,
			"FWHM": 3.13222,
			"KQ1": 0.15906,
			"KQ2": 0.796556,
			"KQ3": -4.08857,
			"KQ4": 4.97952
		}
	}
	,
	{
		"ID": 40,
		"obj":
		{
			"EMITX1": 0.00125698,
			"EMITX2": 0.000894201,
			"RMSS1": 0.00334788,
			"RMSS2": 0.00143646
		}
		,
		"dvar":
		{
			"IBF": 250.464,
			"IM": 258.375,
			"GPHASE": -7.02021,
			"FWHM": 7.1038,
			"KQ1": 5.28126,
			"KQ2": 3.94067,
			"KQ3": -2.61741,
			"KQ4": -0.880788
		}
	}
	,
	{
		"ID": 44,
		"obj":
		{
			"EMITX1": 0.000532136,
			"EMITX2": 0.000865499,
			"RMSS1": 0.00351066,
			"RMSS2": 0.00105455
		}
		,
		"dvar":
		{
			"IBF": 311.88,
			"IM": 246.425,
			"GPHASE": -4.45279,
			"FWHM": 2.41002,
			"KQ1": -3.45461,
			"KQ2": -4.71223,
			"KQ3": 1.25089,
			"KQ4": -1.8874
		}
	}
	,
	{
		"ID": 49,
		"obj":
		{
			"EMITX1": 0.000502313,
			"EMITX2": 0.00108538,
			"RMSS1": 0.00671633,
			"RMSS2": 0.00143987
		}
		,
		"dvar":
		{
			"IBF": 487.658,
			"IM": 241.36,
			"GPHASE": -8.10915,
			"FWHM": 7.09656,
			"KQ1": -7.36698,
			"KQ2": -2.3981,
			"KQ3": -4.66047,
			"KQ4": 1.33377
		}
	}
	,
	{
		"ID": 53,
		"obj":
		{
			"EMITX1": 0.000341212,
			"EMITX2": 0.000631748,
			"RMSS1": 0.00124242,
			"RMSS2": 0.00115021
		}
		,
		"dvar":
		{
			"IBF": 267.182,
			"IM": 232.418,
			"GPHASE": -8.62302,
			"FWHM": 3.73979,
			"KQ1": -7.30164,
			"KQ2": 6.74059,
			"KQ3": 5.54984,
			"KQ4": -5.45537
		}
	}
	,
	{
		"ID": 56,
		"obj":
		{
			"EMITX1": 0.000178008,
			"EMITX2": 0.000865071,
			"RMSS1": 0.0011394,
			"RMSS2": 0.00117016
		}
		,
		"dvar":
		{
			"IBF": 467.948,
			"IM": 220.693,
			"GPHASE": -6.36096,
			"FWHM": 1.77761,
			"KQ1": 7.36874,
			"KQ2": -2.4568,
			"KQ3": -0.658813,
			"KQ4": -0.517806
		}
	}
	,
	{
		"ID": 57,
		"obj":
		{
			"EMITX1": 0.00188515,
			"EMITX2": 0.00549358,
			"RMSS1": 0.00119309,
			"RMSS2": 0.00216081
		}
		,
		"dvar":
		{
			"IBF": 222.119,
			"IM": 214.478,
			"GPHASE": -1.43463,
			"FWHM": 2.49771,
			"KQ1": -1.35217,
			"KQ2": 4.78471,
			"KQ3": -3.57732,
			"KQ4": -5.5966
		}
	}
	,
	{
		"ID": 68,
		"obj":
		{
			"EMITX1": 0.000450364,
			"EMITX2": 0.00198893,
			"RMSS1": 0.00119946,
			"RMSS2": 0.00132342
		}
		,
		"dvar":
		{
			"IBF": 263.903,
			"IM": 233.989,
			"GPHASE": -12.2615,
			"FWHM": 3.60028,
			"KQ1": -6.0166,
			"KQ2": 0.337056,
			"KQ3": 1.6426,
			"KQ4": -1.54357
		}
	}
	,
	{
		"ID": 76,
		"obj":
		{
			"EMITX1": 0.000984106,
			"EMITX2": 0.00414365,
			"RMSS1": 0.00120664,
			"RMSS2": 0.00175059
		}
		,
		"dvar":
		{
			"IBF": 434.513,
			"IM": 216.646,
			"GPHASE": -6.16144,
			"FWHM": 4.7983,
			"KQ1": -6.40227,
			"KQ2": 4.46272,
			"KQ3": -5.43896,
			"KQ4": 5.30693
		}
	}
	,
	{
		"ID": 79,
		"obj":
		{
			"EMITX1": 0.000120467,
			"EMITX2": 0.000742887,
			"RMSS1": 0.0015557,
			"RMSS2": 0.00144299
		}
		,
		"dvar":
		{
			"IBF": 239.84,
			"IM": 240.621,
			"GPHASE": -10.2479,
			"FWHM": 8.17613,
			"KQ1": -1.43827,
			"KQ2": -0.522985,
			"KQ3": -3.33792,
			"KQ4": 1.46091
		}
	}
	,
	{
		"ID": 88,
		"obj":
		{
			"EMITX1": 0.000476186,
			"EMITX2": 0.00120425,
			"RMSS1": 0.00140375,
			"RMSS2": 0.00149555
		}
		,
		"dvar":
		{
			"IBF": 434.728,
			"IM": 212.281,
			"GPHASE": -3.78051,
			"FWHM": 7.57302,
			"KQ1": -7.02304,
			"KQ2": -1.98379,
			"KQ3": 6.14809,
			"KQ4": -5.07756
		}
	}
	,
	{
		"ID": 90,
		"obj":
		{
			"EMITX1": 0.000683801,
			"EMITX2": 0.00113527,
			"RMSS1": 0.00146725,
			"RMSS2": 0.0015803
		}
		,
		"dvar":
		{
			"IBF": 466.745,
			"IM": 184.322,
			"GPHASE": -8.13448,
			"FWHM": 7.58836,
			"KQ1": -4.72322,
			"KQ2": 2.03785,
			"KQ3": 4.60305,
			"KQ4": -6.72519
		}
	}
	,
	{
		"ID": 92,
		"obj":
		{
			"EMITX1": 0.000339084,
			"EMITX2": 0.00132148,
			"RMSS1": 0.00143505,
			"RMSS2": 0.00165452
		}
		,
		"dvar":
		{
			"IBF": 271.321,
			"IM": 217.729,
			"GPHASE": -8.01444,
			"FWHM": 8.04905,
			"KQ1": -0.901445,
			"KQ2": -4.0245,
			"KQ3": 7.18603,
			"KQ4": -0.917789
		}
	}
	,
	{
		"ID": 94,
		"obj":
		{
			"EMITX1": 0.000243625,
			"EMITX2": 0.00105755,
			"RMSS1": 0.00143871,
			"RMSS2": 0.00112814
		}
		,
		"dvar":
		{
			"IBF": 254.623,
			"IM": 233.748,
			"GPHASE": -7.07606,
			"FWHM": 4.32323,
			"KQ1": -2.02372,
			"KQ2": -0.835481,
			"KQ3": -3.76954,
			"KQ4": -2.3026
		}
	}
	,
	{
		"ID": 96,
		"obj":
		{
			"EMITX1": 0.000308421,
			"EMITX2": 0.000916519,