{
	"name": "opt-pilot",
	"dvar-bounds": {
		"IBF": [ 200, 500 ],
		"IM": [ 170, 260 ],
		"GPHASE": [ -30, 0 ],
		"FWHM": [ 1.5, 10 ],
		"KQ1": [ -8, 8 ],
		"KQ2": [ -8, 8 ],
		"KQ3": [ -8, 8 ],
		"KQ4": [ -8, 8 ]
	}
	,
	"constraints": [
		"fabs(statVariableAt('rms_x',16.5))<1.0e-1",
		"fabs(statVariableAt('rms_y',16.5))<1.0e-1"
	]
	,
	"solutions": [
	{
		"ID": 2,
		"obj":
		{
			"EMITX1": 0.000847154,
			"EMITX2": 0.00141176,
			"RMSS1": 0.00122682,
			"RMSS2": 0.00133541
		}
		,
		"dvar":
		{
			"IBF": 467.786,
			"IM": 217.749,
			"GPHASE": -8.5413,
			"FWHM": 4.49695,
			"KQ1": 3.50304,
			"KQ2": 0.0903098,
			"KQ3": 7.60308,
			"KQ4": -4.74472
		}
	}
	,
	{
		"ID": 4,
		"obj":
		{
			"EMITX1": 0.00028328,
			"EMITX2": 0.000302148,
			"RMSS1": 0.00184938,
			"RMSS2": 0.00127963
		}
		,
		"dvar":
		{
			"IBF": 273.944,
			"IM": 253.13,
			"GPHASE": -8.45751,
			"FWHM": 5.49849,
			"KQ1": -2.36089,
			"KQ2": 5.7334,
			"KQ3": 2.03427,
			"KQ4": -4.58894
		}
	}
	,
	{
		"ID": 11,
		"obj":
		{
			"EMITX1": 0.000181704,
			"EMITX2": 0.000245007,
			"RMSS1": 0.00149319,
			"RMSS2": 0.00113779
		}
		,
		"dvar":
		{
			"IBF": 387.546,
			"IM": 226.399,
			"GPHASE": -5.42181,
			"FWHM": 3.88123,
			"KQ1": -6.16227,
			"KQ2": 7.74161,
			"KQ3": 5.85336,
			"KQ4": -7.14251
		}
	}
	,
	{
		"ID": 13,
		"obj":
		{
			"EMITX1": 0.000143337,
			"EMITX2": 0.000434569,
			"RMSS1": 0.00156522,
			"RMSS2": 0.00160552
		}
		,
		"dvar":
		{
			"IBF": 328.038,
			"IM": 225.551,
			"GPHASE": -11.6709,
			"FWHM": 9.29805,
			"KQ1": 1.00098,
			"KQ2": -2.87272,
			"KQ3": -1.45454,
			"KQ4": 5.27933
		}
	}
	,
	{
		"ID": 14,
		"obj":
		{
			"EMITX1": 0.000259786,
			"EMITX2": 0.00115474,
			"RMSS1": 0.00123269,
			"RMSS2": 0.00128469
		}
		,
		"dvar":
		{
			"IBF": 408.427,
			"IM": 224.503,
			"GPHASE": -11.1006,
			"FWHM": 2.98854,
			"KQ1": 3.31301,
			"KQ2": -4.5456,
			"KQ3": 4.28518,
			"KQ4": -4.46179
		}
	}
	,
	{
		"ID": 17,
		"obj":
		{
			"EMITX1": 0.00026926,
			"EMITX2": 0.000843812,
			"RMSS1": 0.00155755,
			"RMSS2": 0.00164113
		}
		,
		"dvar":
		{
			"IBF": 344.407,
			"IM": 208.462,
			"GPHASE": -0.494755,
			"FWHM": 8.77138,
			"KQ1": 4.24347,
			"KQ2": -1.54975,
			"KQ3": -3.7613,
			"KQ4": 4.07103
		}
	}
	,
	{
		"ID": 25,
		"obj":
		{
			"EMITX1": 0.000125204,
			"EMITX2": 0.000242416,
			"RMSS1": 0.00212926,
			"RMSS2": 0.0012311
		}
		,
		"dvar":
		{
			"IBF": 469.332,
			"IM": 241.442,
			"GPHASE": -4.7849,
			"FWHM": 5.8614,
			"KQ1": -2.36013,
			"KQ2": -0.758365,
			"KQ3": 5.45014,
			"KQ4": 3.0611
		}
	}
	,
	{
		"ID": 26,
		"obj":
		{
			"EMITX1": 0.000473209,
			"EMITX2": 0.00287954,
			"RMSS1": 0.0013289,
			"RMSS2": 0.00167508
		}
		,
		"dvar":
		{
			"IBF": 215.174,
			"IM": 218.712,
			"GPHASE": -1.73397,
			"FWHM": 5.58169,
			"KQ1": 1.95417,
			"KQ2": 0.4434,
			"KQ3": -2.36542,
			"KQ4": 3.4377
		}
	}
	,
	{
		"ID": 27,
		"obj":
		{
			"EMITX1": 0.00040447,
			"EMITX2": 0.000851094,
			"RMSS1": 0.00169494,
			"RMSS2": 0.00149166
		}
		,
		"dvar":
		{
			"IBF": 390.921,
			"IM": 232.222,
			"GPHASE": -1.10121,
			"FWHM": 7.21255,
			"KQ1": 2.3572,
			"KQ2": 4.74109,
			"KQ3": -7.6661,
			"KQ4": 2.71703
		}
	}
	,
	{
		"ID": 32,
		"obj":
		{
			"EMITX1": 0.000627164,
			"EMITX2": 0.00189585,
			"RMSS1": 0.00172296,
			"RMSS2": 0.00115855
		}
		,
		"dvar":
		{
			"IBF": 356.811,
			"IM": 219.316,
			"GPHASE": -2.08947,
			"FWHM": 2.37947,
			"KQ1": -1.59271,
			"KQ2": 1.49319,
			"KQ3": -6.37036,
			"KQ4": -3.88795
		}
	}
	,
	{
		"ID": 36,
		"obj":
		{
			"EMITX1": 0.000375378,
			"EMITX2": 0.00233867,
			"RMSS1": 0.00118859,
			"RMSS2": 0.00152804
		}
		,
		"dvar":
		{
			"IBF": 494.199,
			"IM": 202.983,
			"GPHASE": -11.1202,
			"FWHM": 2.75721,
			"KQ1": -0.986094,
			"KQ2": 1.70432,
			"KQ3": 5.64612,
			"KQ4": -2.35004
		}
	}
	,
	{
		"ID": 53,
		"obj":
		{
			"EMITX1": 0.000226687,
			"EMITX2": 0.00112687,
			"RMSS1": 0.00149657,
			"RMSS2": 0.00140275
		}
		,
		"dvar":
		{
			"IBF": 286.829,
			"IM": 243.398,
			"GPHASE": -3.30288,
			"FWHM": 5.11015,
			"KQ1": 4.62699,
			"KQ2": -4.97849,
			"KQ3": 4.56529,
			"KQ4": -0.14763
		}
	}
	,
	{
		"ID": 56,
		"obj":
		{
			"EMITX1": 0.000323544,
			"EMITX2": 0.00114277,
			"RMSS1": 0.00187906,
			"RMSS2": 0.00110452
		}
		,
		"dvar":
		{
			"IBF": 410.476,
			"IM": 232.621,
			"GPHASE": -8.64368,
			"FWHM": 3.10652,
			"KQ1": -2.91792,
			"KQ2": -3.62915,
			"KQ3": -2.27478,
			"KQ4": -1.04737
		}
	}
	,
	{
		"ID": 60,
		"obj":
		{
			"EMITX1": 8.49429e-05,
			"EMITX2": 6.8124e-05,
			"RMSS1": 0.00160799,
			"RMSS2": 0.00133766
		}
		,
		"dvar":
		{
			"IBF": 480.626,
			"IM": 239.553,
			"GPHASE": -10.7486,
			"FWHM": 6.6661,
			"KQ1": -2.45562,
			"KQ2": 5.40661,
			"KQ3": 2.20309,
			"KQ4": -3.70183
		}
	}
	,
	{
		"ID": 63,
		"obj":
		{
			"EMITX1": 0.00177591,
			"EMITX2": 0.00568272,
			"RMSS1": 0.00105933,
			"RMSS2": 0.0020783
		}
		,
		"dvar":
		{
			"IBF": 324.528,
			"IM": 221.455,
			"GPHASE": -4.3062,
			"FWHM": 2.34845,
			"KQ1": -4.00988,
			"KQ2": -2.05255,
			"KQ3": -0.489776,
			"KQ4": 4.79357
		}
	}
	,
	{
		"ID": 64,
		"obj":
		{
			"EMITX1": 0.000512898,
			"EMITX2": 0.000533412,
			"RMSS1": 0.00562753,
			"RMSS2": 0.00124862
		}
		,
		"dvar":
		{
			"IBF": 399.487,
			"IM": 255.494,
			"GPHASE": -4.7105,
			"FWHM": 6.37897,
			"KQ1": -4.50764,
			"KQ2": 5.86458,
			"KQ3": -5.54484,
			"KQ4": -7.21843
		}
	}
	,
	{
		"ID": 66,
		"obj":
		{
			"EMITX1": 0.000296883,
			"EMITX2": 0.00101906,
			"RMSS1": 0.00147497,
			"RMSS2": 0.00155562
		}
		,
		"dvar":
		{
			"IBF": 339.44,
			"IM": 216.912,
			"GPHASE": -3.58361,
			"FWHM": 7.98294,
			"KQ1": 2.68701,
			"KQ2": -4.56681,
			"KQ3": 7.27366,
			"KQ4": -5.35455
		}
	}
	,
	{
		"ID": 70,
		"obj":
		{
			"EMITX1": 0.000194451,
			"EMITX2": 0.00108166,
			"RMSS1": 0.00163635,
			"RMSS2": 0.00147184
		}
		,
		"dvar":
		{
			"IBF": 288.936,
			"IM": 233.217,
			"GPHASE": -11.4915,
			"FWHM": 9.31214,
			"KQ1": 0.335483,
			"KQ2": -5.41481,
			"KQ3": -1.82275,
			"KQ4": -3.55462
		}
	}
	,
	{
		"ID": 73,
		"obj":
		{
			"EMITX1": 0.000311496,
			"EMITX2": 0.0014778,
			"RMSS1": 0.00126145,
			"RMSS2": 0.00126583
		}
		,
		"dvar":
		{
			"IBF": 490.815,
			"IM": 212.203,
			"GPHASE": -3.43111,
			"FWHM": 3.61441,
			"KQ1": -2.62226,
			"KQ2": -2.07189,
			"KQ3": 7.88683,
			"KQ4": 3.59261
		}
	}
	,
	{
		"ID": 74,
		"obj":
		{
			"EMITX1": 0.000593604,
			"EMITX2": 0.00169459,
			"RMSS1": 0.00123561,
			"RMSS2": 0.0013431
		}
		,
		"dvar":
		{
			"IBF": 420.779,
			"IM": 214.982,
			"GPHASE": -6.57283,
			"FWHM": 4.1854,
			"KQ1": 7.38035,
			"KQ2": -7.95818,
			"KQ3": 1.26097,
			"KQ4": 4.30777
		}
	}
	,
	{
		"ID": 82,
		"obj":
		{
			"EMITX1": 0.000519568,
			"EMITX2": 0.00119385,
			"RMSS1": 0.0023577,
			"RMSS2": 0.00146033
		}
		,
		"dvar":
		{
			"IBF": 405.368,
			"IM": 242.908,
			"GPHASE": -9.13179,
			"FWHM": 7.82299,
			"KQ1": -4.15742,
			"KQ2": 0.253591,
			"KQ3": 3.21502,
			"KQ4": 6.0159
		}
	}
	,
	{
		"ID": 85,
		"obj":
		{
			"EMITX1": 0.000892741,
			"EMITX2": 0.00272754,
			"RMSS1": 0.00118845,
			"RMSS2": 0.00148664
		}
		,
		"dvar":
		{
			"IBF": 244.469,
			"IM": 221.326,
			"GPHASE": -5.92329,
			"FWHM": 5.04015,
			"KQ1": 6.62056,
			"KQ2": -7.48004,
			"KQ3": 4.03481,
			"KQ4": -3.90225
		}
	}
	,
	{
		"ID": 95,
		"obj":
		{
			"EMITX1": 0.000290821,
			"EMITX2": 0.00134456,
			"RMSS1": 0.00125613,
			"RMSS2": 0.00144626
		}
		,
		"dvar":
		{
			"IBF": 440.26,
			"IM": 201.923,
			"GPHASE": -2.30325,
			"FWHM": 3.75438,
			"KQ1": 0.242283,
			"KQ2": 2.74375,
			"KQ3": 0.310668,
			"KQ4": -1.69259
		}
	}
	,
	{
		"ID": 96,
		"obj":
		{
			"EMITX1": 0.00108086,
			"EMITX2": 0.00405327,
			"RMSS1": 0.00124683,
			"RMSS2": 0.00168984
		}
		,
		"dvar":
		{
			"IBF": 312.76,
			"IM": 227.235,
			"GPHASE": -11.1684,
			"FWHM": 4.94665,
			"KQ1": 3.6383,
			"KQ2": -6.88855,
			"KQ3": -1.474,
			"KQ4": 7.28258
		}
	}
	,
	{
		"ID": 99,
		"obj":
		{
			"EMITX1": 0.00032152,
			"EMITX2": 0.000431716,
			"RMSS1": 0.00143017,