{
	"name": "opt-pilot",
	"dvar-bounds": {
		"IBF": [ 200, 500 ],
		"IM": [ 170, 260 ],
		"GPHASE": [ -30, 0 ],
		"FWHM": [ 1.5, 10 ],
		"KQ1": [ -8, 8 ],
		"KQ2": [ -8, 8 ],
		"KQ3": [ -8, 8 ],
		"KQ4": [ -8, 8 ]
	}
	,
	"constraints": [
		"fabs(statVariableAt('rms_x',16.5))<1.0e-1",
		"fabs(statVariableAt('rms_y',16.5))<1.0e-1"
	]
	,
	"solutions": [
	{
		"ID": 1,
		"obj":
		{
			"EMITX1": 0.000178677,
			"EMITX2": 0.000437711,
			"RMSS1": 0.0015416,
			"RMSS2": 0.0014961
		}
		,
		"dvar":
		{
			"IBF": 204.627,
			"IM": 240.47,
			"GPHASE": -4.771,
			"FWHM": 7.74812,
			"KQ1": -1.63517,
			"KQ2": 4.80403,
			"KQ3": -1.69445,
			"KQ4": -0.107
		}
	}
	,
	{
		"ID": 7,
		"obj":
		{
			"EMITX1": 0.000133064,
			"EMITX2": 0.000260461,
			"RMSS1": 0.0016442,
			"RMSS2": 0.0013572
		}
		,
		"dvar":
		{
			"IBF": 328.248,
			"IM": 248.007,
			"GPHASE": -6.94677,
			"FWHM": 6.89026,
			"KQ1": -3.07534,
			"KQ2": 1.48089,
			"KQ3": 1.36278,
			"KQ4": 3.07618
		}
	}
	,
	{
		"ID": 10,
		"obj":
		{
			"EMITX1": 0.000687459,
			"EMITX2": 0.000285704,
			"RMSS1": 0.00251688,
			"RMSS2": 0.00138639
		}
		,
		"dvar":
		{
			"IBF": 334.768,
			"IM": 249.119,
			"GPHASE": -7.88432,
			"FWHM": 7.01026,
			"KQ1": 5.89192,
			"KQ2": 3.95686,
			"KQ3": -4.85903,
			"KQ4": -0.239371
		}
	}
	,
	{
		"ID": 11,
		"obj":
		{
			"EMITX1": 0.00154999,
			"EMITX2": 0.00476503,
			"RMSS1": 0.00121975,
			"RMSS2": 0.00182196
		}
		,
		"dvar":
		{
			"IBF": 313.123,
			"IM": 230.939,
			"GPHASE": -11.3381,
			"FWHM": 3.76689,
			"KQ1": 5.18366,
			"KQ2": -7.19372,
			"KQ3": -3.1209,
			"KQ4": 4.56394
		}
	}
	,
	{
		"ID": 13,
		"obj":
		{
			"EMITX1": 0.000417132,
			"EMITX2": 0.000732093,
			"RMSS1": 0.00119785,
			"RMSS2": 0.00120643
		}
		,
		"dvar":
		{
			"IBF": 285.853,
			"IM": 213.547,
			"GPHASE": -7.42089,
			"FWHM": 2.38595,
			"KQ1": -0.787795,
			"KQ2": 2.16733,
			"KQ3": -4.47851,
			"KQ4": 3.34722
		}
	}
	,
	{
		"ID": 17,
		"obj":
		{
			"EMITX1": 0.000127899,
			"EMITX2": 0.000125906,
			"RMSS1": 0.00145889,
			"RMSS2": 0.00110903
		}
		,
		"dvar":
		{
			"IBF": 478.312,
			"IM": 248.404,
			"GPHASE": -7.09479,
			"FWHM": 1.61692,
			"KQ1": -2.28763,
			"KQ2": 4.64756,
			"KQ3": -5.14459,
			"KQ4": 5.13414
		}
	}
	,
	{
		"ID": 20,
		"obj":
		{
			"EMITX1": 0.000904216,
			"EMITX2": 0.00139161,
			"RMSS1": 0.00278324,
			"RMSS2": 0.00148997
		}
		,
		"dvar":
		{
			"IBF": 412.089,
			"IM": 250.219,
			"GPHASE": -2.03465,
			"FWHM": 4.48112,
			"KQ1": -5.50389,
			"KQ2": 7.39882,
			"KQ3": -3.50953,
			"KQ4": 6.47263
		}
	}
	,
	{
		"ID": 21,
		"obj":
		{
			"EMITX1": 0.000567341,
			"EMITX2": 0.00211236,
			"RMSS1": 0.00144716,
			"RMSS2": 0.0015679
		}
		,
		"dvar":
		{
			"IBF": 229.871,
			"IM": 230.842,
			"GPHASE": -4.07692,
			"FWHM": 7.05979,
			"KQ1": -3.97436,
			"KQ2": 7.52093,
			"KQ3": 6.49271,
			"KQ4": 2.45399
		}
	}
	,
	{
		"ID": 24,
		"obj":
		{
			"EMITX1": 0.000575572,
			"EMITX2": 0.000654017,
			"RMSS1": 0.00274722,
			"RMSS2": 0.00119599
		}
		,
		"dvar":
		{
			"IBF": 339.158,
			"IM": 238.403,
			"GPHASE": -1.71652,
			"FWHM": 5.50543,
			"KQ1": -7.7877,
			"KQ2": -5.42926,
			"KQ3": 5.86989,
			"KQ4": -4.53458
		}
	}
	,
	{
		"ID": 32,
		"obj":
		{
			"EMITX1": 0.000982188,
			"EMITX2": 0.00385617,
			"RMSS1": 0.00127799,
			"RMSS2": 0.00172138
		}
		,
		"dvar":
		{
			"IBF": 309.328,
			"IM": 228.967,
			"GPHASE": -5.87753,
			"FWHM": 4.37265,
			"KQ1": 3.86642,
			"KQ2": -5.23515,
			"KQ3": 4.55601,
			"KQ4": 5.0669
		}
	}
	,
	{
		"ID": 34,
		"obj":
		{
			"EMITX1": 0.000317457,
			"EMITX2": 0.000691292,
			"RMSS1": 0.00587125,
			"RMSS2": 0.00110248
		}
		,
		"dvar":
		{
			"IBF": 444.785,
			"IM": 231.16,
			"GPHASE": -2.31716,
			"FWHM": 4.67328,
			"KQ1": 1.24365,
			"KQ2": -5.47671,
			"KQ3": -3.3534,
			"KQ4": -7.91647
		}
	}
	,
	{
		"ID": 37,
		"obj":
		{
			"EMITX1": 0.000450918,
			"EMITX2": 0.00248559,
			"RMSS1": 0.00125927,
			"RMSS2": 0.00152623
		}
		,
		"dvar":
		{
			"IBF": 303.294,
			"IM": 222.156,
			"GPHASE": -10.7281,
			"FWHM": 4.5909,
			"KQ1": 4.05162,
			"KQ2": -5.78409,
			"KQ3": 3.45667,
			"KQ4": 4.83151
		}
	}
	,
	{
		"ID": 38,
		"obj":
		{
			"EMITX1": 0.000292219,
			"EMITX2": 0.000381193,
			"RMSS1": 0.00121609,
			"RMSS2": 0.00121198
		}
		,
		"dvar":
		{
			"IBF": 415.374,
			"IM": 209.653,
			"GPHASE": -10.3188,
			"FWHM": 2.5275,
			"KQ1": 0.73994,
			"KQ2": 0.20969,
			"KQ3": -3.83369,
			"KQ4": 3.4324
		}
	}
	,
	{
		"ID": 47,
		"obj":
		{
			"EMITX1": 0.000800125,
			"EMITX2": 0.00293878,
			"RMSS1": 0.00119637,
			"RMSS2": 0.00153319
		}
		,
		"dvar":
		{
			"IBF": 223.885,
			"IM": 221.521,
			"GPHASE": -4.74626,
			"FWHM": 3.97042,
			"KQ1": -0.892411,
			"KQ2": -5.58673,
			"KQ3": 4.21128,
			"KQ4": -1.47436
		}
	}
	,
	{
		"ID": 51,
		"obj":
		{
			"EMITX1": 0.002037,
			"EMITX2": 0.00629109,
			"RMSS1": 0.00118564,
			"RMSS2": 0.00225559
		}
		,
		"dvar":
		{
			"IBF": 391.085,
			"IM": 215.967,
			"GPHASE": -7.78272,
			"FWHM": 2.33149,
			"KQ1": 4.67981,
			"KQ2": -4.20666,
			"KQ3": -5.41795,
			"KQ4": 2.83342
		}
	}
	,
	{
		"ID": 52,
		"obj":
		{
			"EMITX1": 0.000194544,
			"EMITX2": 0.000301774,
			"RMSS1": 0.00372044,
			"RMSS2": 0.00128943
		}
		,
		"dvar":
		{
			"IBF": 279.095,
			"IM": 250.133,
			"GPHASE": -9.39151,
			"FWHM": 6.75148,
			"KQ1": -7.38854,
			"KQ2": 4.28191,
			"KQ3": -7.69792,
			"KQ4": -0.17527
		}
	}
	,
	{
		"ID": 53,
		"obj":
		{
			"EMITX1": 0.000366229,
			"EMITX2": 0.000198175,
			"RMSS1": 0.00179445,
			"RMSS2": 0.00113592
		}
		,
		"dvar":
		{
			"IBF": 241.788,
			"IM": 253.074,
			"GPHASE": -7.15051,
			"FWHM": 3.1319,
			"KQ1": -2.68771,
			"KQ2": -6.6802,
			"KQ3": 7.85416,
			"KQ4": -7.47213
		}
	}
	,
	{
		"ID": 56,
		"obj":
		{
			"EMITX1": 0.000193783,
			"EMITX2": 0.000807307,
			"RMSS1": 0.00175143,
			"RMSS2": 0.00105548
		}
		,
		"dvar":
		{
			"IBF": 357.09,
			"IM": 232.467,
			"GPHASE": -1.31413,
			"FWHM": 3.19257,
			"KQ1": -5.09641,
			"KQ2": 4.21122,
			"KQ3": 7.41968,
			"KQ4": -1.179
		}
	}
	,
	{
		"ID": 68,
		"obj":
		{
			"EMITX1": 0.000119771,
			"EMITX2": 0.000277656,
			"RMSS1": 0.0016396,
			"RMSS2": 0.00163596
		}
		,
		"dvar":
		{
			"IBF": 341.566,
			"IM": 235.519,
			"GPHASE": -9.63215,
			"FWHM": 9.93256,
			"KQ1": -1.99718,
			"KQ2": 1.83839,
			"KQ3": -1.13287,
			"KQ4": 2.75822
		}
	}
	,
	{
		"ID": 70,
		"obj":
		{
			"EMITX1": 0.000478565,
			"EMITX2": 0.00113067,
			"RMSS1": 0.00153366,
			"RMSS2": 0.0013732
		}
		,
		"dvar":
		{
			"IBF": 337.154,
			"IM": 189.638,
			"GPHASE": -6.96546,
			"FWHM": 2.02649,
			"KQ1": -1.90559,
			"KQ2": -0.219879,
			"KQ3": 3.48596,
			"KQ4": 1.80683
		}
	}
	,
	{
		"ID": 71,
		"obj":
		{
			"EMITX1": 0.000924984,
			"EMITX2": 0.00237511,
			"RMSS1": 0.00146818,
			"RMSS2": 0.00140661
		}
		,
		"dvar":
		{
			"IBF": 371.497,
			"IM": 225.529,
			"GPHASE": -3.09247,
			"FWHM": 6.19909,
			"KQ1": 0.872368,
			"KQ2": 1.20926,
			"KQ3": -6.30471,
			"KQ4": -3.97279
		}
	}
	,
	{
		"ID": 80,
		"obj":
		{
			"EMITX1": 0.00110504,
			"EMITX2": 0.00285404,
			"RMSS1": 0.00133967,
			"RMSS2": 0.0014789
		}
		,
		"dvar":
		{
			"IBF": 253.112,
			"IM": 234.472,
			"GPHASE": -4.91132,
			"FWHM": 4.22511,
			"KQ1": 4.95395,
			"KQ2": 0.174415,
			"KQ3": -7.51312,
			"KQ4": 3.84767
		}
	}
	,
	{
		"ID": 85,
		"obj":
		{
			"EMITX1": 0.000135125,
			"EMITX2": 0.000482173,
			"RMSS1": 0.00405519,
			"RMSS2": 0.00112584
		}
		,
		"dvar":
		{
			"IBF": 384.395,
			"IM": 232.36,
			"GPHASE": -2.56734,
			"FWHM": 5.7665,
			"KQ1": -3.11341,
			"KQ2": 0.988347,
			"KQ3": -5.10635,
			"KQ4": -4.54689
		}
	}
	,
	{
		"ID": 86,
		"obj":
		{
			"EMITX1": 0.000141207,
			"EMITX2": 0.000595052,
			"RMSS1": 0.00202258,
			"RMSS2": 0.00105119
		}
		,
		"dvar":
		{
			"IBF": 393.731,
			"IM": 229.806,
			"GPHASE": -5.98214,
			"FWHM": 2.93644,
			"KQ1": -2.35434,
			"KQ2": -0.806489,
			"KQ3": 0.353994,
			"KQ4": -7.98102
		}
	}
	,
	{
		"ID": 89,
		"obj":
		{
			"EMITX1": 0.000879091,
			"EMITX2": 0.00279474,