{
	"name": "opt-pilot",
	"dvar-bounds": {
		"IBF": [ 200, 500 ],
		"IM": [ 170, 260 ],
		"GPHASE": [ -30, 0 ],
		"FWHM": [ 1.5, 10 ],
		"KQ1": [ -8, 8 ],
		"KQ2": [ -8, 8 ],
		"KQ3": [ -8, 8 ],
		"KQ4": [ -8, 8 ]
	}
	,
	"constraints": [
		"fabs(statVariableAt('rms_x',16.5))<1.0e-1",
		"fabs(statVariableAt('rms_y',16.5))<1.0e-1"
	]
	,
	"solutions": [
	{
		"ID": 1,
		"obj":
		{
			"EMITX1": 0.000236814,
			"EMITX2": 0.000203669,
			"RMSS1": 0.00183337,
			"RMSS2": 0.00120367
		}
		,
		"dvar":
		{
			"IBF": 304.119,
			"IM": 243.371,
			"GPHASE": -6.1473,
			"FWHM": 5.29927,
			"KQ1": 7.41707,
			"KQ2": 0.256409,
			"KQ3": -3.41793,
			"KQ4": 0.0733618
		}
	}
	,
	{
		"ID": 3,
		"obj":
		{
			"EMITX1": 0.000748606,
			"EMITX2": 0.00169855,
			"RMSS1": 0.00126722,
			"RMSS2": 0.00139641
		}
		,
		"dvar":
		{
			"IBF": 270.906,
			"IM": 196.361,
			"GPHASE": -2.78971,
			"FWHM": 2.50449,
			"KQ1": 0.0590944,
			"KQ2": 0.386186,
			"KQ3": 0.321355,
			"KQ4": -2.41446
		}
	}
	,
	{
		"ID": 4,
		"obj":
		{
			"EMITX1": 0.000151897,
			"EMITX2": 0.000325784,
			"RMSS1": 0.00139418,
			"RMSS2": 0.00137428
		}
		,
		"dvar":
		{
			"IBF": 433.593,
			"IM": 223.55,
			"GPHASE": -7.55616,
			"FWHM": 6.31505,
			"KQ1": -0.828776,
			"KQ2": 7.02593,
			"KQ3": 0.440163,
			"KQ4": -3.16892
		}
	}
	,
	{
		"ID": 7,
		"obj":
		{
			"EMITX1": 0.00147487,
			"EMITX2": 0.000584745,
			"RMSS1": 0.00297388,
			"RMSS2": 0.00133502
		}
		,
		"dvar":
		{
			"IBF": 377.168,
			"IM": 249.674,
			"GPHASE": -1.93292,
			"FWHM": 4.66798,
			"KQ1": 5.66778,
			"KQ2": 4.80795,
			"KQ3": -6.14965,
			"KQ4": 2.12607
		}
	}
	,
	{
		"ID": 12,
		"obj":
		{
			"EMITX1": 0.000361259,
			"EMITX2": 0.00066207,
			"RMSS1": 0.00180887,
			"RMSS2": 0.00128738
		}
		,
		"dvar":
		{
			"IBF": 323.78,
			"IM": 256.657,
			"GPHASE": -5.34586,
			"FWHM": 4.23157,
			"KQ1": -2.47795,
			"KQ2": 4.41679,
			"KQ3": -6.31403,
			"KQ4": 5.73579
		}
	}
	,
	{
		"ID": 13,
		"obj":
		{
			"EMITX1": 0.000156487,
			"EMITX2": 0.00060932,
			"RMSS1": 0.00161331,
			"RMSS2": 0.00153972
		}
		,
		"dvar":
		{
			"IBF": 275.872,
			"IM": 228.112,
			"GPHASE": -3.29907,
			"FWHM": 9.39302,
			"KQ1": 0.811974,
			"KQ2": -3.84612,
			"KQ3": -0.0776499,
			"KQ4": 5.41911
		}
	}
	,
	{
		"ID": 16,
		"obj":
		{
			"EMITX1": 0.00209671,
			"EMITX2": 0.00549751,
			"RMSS1": 0.00116172,
			"RMSS2": 0.0018978
		}
		,
		"dvar":
		{
			"IBF": 413.234,
			"IM": 216.562,
			"GPHASE": -3.54001,
			"FWHM": 3.45409,
			"KQ1": 7.88837,
			"KQ2": -2.06832,
			"KQ3": -7.46803,
			"KQ4": 5.56825
		}
	}
	,
	{
		"ID": 22,
		"obj":
		{
			"EMITX1": 0.000214245,
			"EMITX2": 0.000701484,
			"RMSS1": 0.00138288,
			"RMSS2": 0.00139738
		}
		,
		"dvar":
		{
			"IBF": 305.581,
			"IM": 224.997,
			"GPHASE": -8.44938,
			"FWHM": 5.85509,
			"KQ1": -2.95267,
			"KQ2": 0.922589,
			"KQ3": 2.88935,
			"KQ4": -1.13071
		}
	}
	,
	{
		"ID": 23,
		"obj":
		{
			"EMITX1": 0.000153556,
			"EMITX2": 0.000612964,
			"RMSS1": 0.00141789,
			"RMSS2": 0.00141092
		}
		,
		"dvar":
		{
			"IBF": 339.555,
			"IM": 228.14,
			"GPHASE": -1.56789,
			"FWHM": 5.66876,
			"KQ1": -4.06328,
			"KQ2": 3.97169,
			"KQ3": 0.456691,
			"KQ4": 0.117365
		}
	}
	,
	{
		"ID": 24,
		"obj":
		{
			"EMITX1": 0.000232292,
			"EMITX2": 0.000903651,
			"RMSS1": 0.00149645,
			"RMSS2": 0.00112862
		}
		,
		"dvar":
		{
			"IBF": 383.586,
			"IM": 239.11,
			"GPHASE": -1.81257,
			"FWHM": 2.30662,
			"KQ1": -4.7853,
			"KQ2": 4.67938,
			"KQ3": -0.111165,
			"KQ4": 3.23942
		}
	}
	,
	{
		"ID": 34,
		"obj":
		{
			"EMITX1": 0.000338755,
			"EMITX2": 0.000733259,
			"RMSS1": 0.00242715,
			"RMSS2": 0.00126373
		}
		,
		"dvar":
		{
			"IBF": 451.545,
			"IM": 235.867,
			"GPHASE": -1.5987,
			"FWHM": 5.87593,
			"KQ1": 0.894445,
			"KQ2": -3.37213,
			"KQ3": -1.95566,
			"KQ4": -3.19746
		}
	}
	,
	{
		"ID": 36,
		"obj":
		{
			"EMITX1": 0.00334066,
			"EMITX2": 0.00715743,
			"RMSS1": 0.00121129,
			"RMSS2": 0.00249162
		}
		,
		"dvar":
		{
			"IBF": 408.861,
			"IM": 224.951,
			"GPHASE": -6.52257,
			"FWHM": 1.85132,
			"KQ1": -1.81417,
			"KQ2": 6.20727,
			"KQ3": 6.3971,
			"KQ4": 0.644897
		}
	}
	,
	{
		"ID": 40,
		"obj":
		{
			"EMITX1": 0.00213173,
			"EMITX2": 0.0066853,
			"RMSS1": 0.00124552,
			"RMSS2": 0.00223262
		}
		,
		"dvar":
		{
			"IBF": 282.074,
			"IM": 222.839,
			"GPHASE": -10.9927,
			"FWHM": 3.51575,
			"KQ1": -6.34992,
			"KQ2": 6.71929,
			"KQ3": 3.86772,
			"KQ4": 2.32869
		}
	}
	,
	{
		"ID": 42,
		"obj":
		{
			"EMITX1": 0.000405353,
			"EMITX2": 0.00201881,
			"RMSS1": 0.00123315,
			"RMSS2": 0.00153821
		}
		,
		"dvar":
		{
			"IBF": 256.567,
			"IM": 211.025,
			"GPHASE": -5.16559,
			"FWHM": 3.71477,
			"KQ1": -0.272882,
			"KQ2": -1.07149,
			"KQ3": 5.64608,
			"KQ4": -1.62951
		}
	}
	,
	{
		"ID": 45,
		"obj":
		{
			"EMITX1": 0.000126605,
			"EMITX2": 0.00026008,
			"RMSS1": 0.00164645,
			"RMSS2": 0.00164326
		}
		,
		"dvar":
		{
			"IBF": 388.303,
			"IM": 245.66,
			"GPHASE": -7.08927,
			"FWHM": 9.38268,
			"KQ1": 1.13756,
			"KQ2": -2.53418,
			"KQ3": -0.585167,
			"KQ4": 1.51097
		}
	}
	,
	{
		"ID": 49,
		"obj":
		{
			"EMITX1": 0.00276669,
			"EMITX2": 0.00739455,
			"RMSS1": 0.00121939,
			"RMSS2": 0.00266941
		}
		,
		"dvar":
		{
			"IBF": 422.201,
			"IM": 208.326,
			"GPHASE": -0.282636,
			"FWHM": 3.87202,
			"KQ1": 6.81676,
			"KQ2": 4.66981,
			"KQ3": -5.11176,
			"KQ4": 3.23798
		}
	}
	,
	{
		"ID": 51,
		"obj":
		{
			"EMITX1": 0.000238149,
			"EMITX2": 0.00100556,
			"RMSS1": 0.00134068,
			"RMSS2": 0.00112091
		}
		,
		"dvar":
		{
			"IBF": 306.862,
			"IM": 236.038,
			"GPHASE": -5.34066,
			"FWHM": 3.16385,
			"KQ1": -4.92634,
			"KQ2": 1.82388,
			"KQ3": -1.8824,
			"KQ4": -0.54905
		}
	}
	,
	{
		"ID": 63,
		"obj":
		{
			"EMITX1": 0.000181146,
			"EMITX2": 0.000732411,
			"RMSS1": 0.00141402,
			"RMSS2": 0.00123453
		}
		,
		"dvar":
		{
			"IBF": 385.565,
			"IM": 228.385,
			"GPHASE": -1.43091,
			"FWHM": 4.773,
			"KQ1": -2.01131,
			"KQ2": -5.79306,
			"KQ3": 6.59373,
			"KQ4": -5.13463
		}
	}
	,
	{
		"ID": 68,
		"obj":
		{
			"EMITX1": 0.000328778,
			"EMITX2": 0.00142598,
			"RMSS1": 0.00131145,
			"RMSS2": 0.00143596
		}
		,
		"dvar":
		{
			"IBF": 206.419,
			"IM": 225.931,
			"GPHASE": -3.41867,
			"FWHM": 5.89281,
			"KQ1": -4.45002,
			"KQ2": 1.37668,
			"KQ3": 5.68401,
			"KQ4": -2.62113
		}
	}
	,
	{
		"ID": 70,
		"obj":
		{
			"EMITX1": 0.00021649,
			"EMITX2": 0.000368794,
			"RMSS1": 0.00201876,
			"RMSS2": 0.00109335
		}
		,
		"dvar":
		{
			"IBF": 205.684,
			"IM": 248.492,
			"GPHASE": -3.90677,
			"FWHM": 3.47913,
			"KQ1": -3.95284,
			"KQ2": 3.78552,
			"KQ3": 6.40268,
			"KQ4": -6.82988
		}
	}
	,
	{
		"ID": 71,
		"obj":
		{
			"EMITX1": 0.000178512,
			"EMITX2": 0.000189614,
			"RMSS1": 0.00149739,
			"RMSS2": 0.00127945
		}
		,
		"dvar":
		{
			"IBF": 340.466,
			"IM": 251.684,
			"GPHASE": -7.13977,
			"FWHM": 4.93487,
			"KQ1": -2.3654,
			"KQ2": 3.38843,
			"KQ3": 2.34752,
			"KQ4": -2.56497
		}
	}
	,
	{
		"ID": 73,
		"obj":
		{
			"EMITX1": 0.000172081,
			"EMITX2": 0.000870193,
			"RMSS1": 0.00138299,
			"RMSS2": 0.00120646
		}
		,
		"dvar":
		{
			"IBF": 466.443,
			"IM": 230.058,
			"GPHASE": -9.4657,
			"FWHM": 4.16336,
			"KQ1": -0.184134,
			"KQ2": -0.291138,
			"KQ3": -1.51913,
			"KQ4": -3.51094
		}
	}
	,
	{
		"ID": 77,
		"obj":
		{
			"EMITX1": 0.000593425,
			"EMITX2": 0.00227729,
			"RMSS1": 0.00117427,
			"RMSS2": 0.00136824
		}
		,
		"dvar":
		{
			"IBF": 438.86,
			"IM": 215.824,
			"GPHASE": -10.0412,
			"FWHM": 3.7285,
			"KQ1": -2.88221,
			"KQ2": 5.6917,
			"KQ3": 3.95359,
			"KQ4": -7.9568
		}
	}
	,
	{
		"ID": 79,
		"obj":
		{
			"EMITX1": 0.000151027,
			"EMITX2": 0.000955358,
			"RMSS1": 0.00153681,
			"RMSS2": 0.00150962
		}
		,
		"dvar":
		{
			"IBF": 215.075,
			"IM": 235.383,
			"GPHASE": -2.86401,
			"FWHM": 7.67902,
			"KQ1": 3.37722,
			"KQ2": -1.33291,
			"KQ3": 1.58299,
			"KQ4": -1.15201
		}
	}
	,
	{
		"ID": 85,
		"obj":
		{
			"EMITX1": 0.00025683,
			"EMITX2": 0.00119634,